{
	"format_version": "1.8.0",
	"animations": {
		"sweep": {
			"animation_length": 3.875,
			"bones": {
				"MusoSaberD": {
					"rotation": {
						"0.0": {
							"vector": [0, 0, 0]
						},
						"1.1667": {
							"vector": [80.86212, -21.48944, -17.58347]
						},
						"1.7917": {
							"vector": [138.11194, -17.47123, -84.23452]
						},
						"2.5417": {
							"vector": [215.61194, -17.47123, -84.23452]
						},
						"3.2917": {
							"vector": [325.61194, -17.47123, -84.23452]
						},
						"3.875": {
							"vector": [0, 0, 0]
						}
					},
					"position": {
						"0.0": {
							"vector": [0, 0, 0]
						},
						"2.5417": {
							"vector": [-13.6, 0, -14.5]
						},
						"3.2917": {
							"vector": [9, 0, -14.5]
						},
						"3.875": {
							"vector": [0, 0, 0]
						}
					},
					"scale": {
						"vector": [1, 1, 1]
					}
				}
			}
		}
	},
	"geckolib_format_version": 2
}