{
  "credit": "Made with Blockbench",
  "parent": "builtin/entity",
  "texture_size": [
    64,
    64
  ],
  "display": {
    "thirdperson_righthand": {
      "translation": [
        0,
        0,
        1
      ]
    },
    "thirdperson_lefthand": {
      "translation": [
        0,
        0,
        1.25
      ]
    },
    "firstperson_righthand": {
      "translation": [
        0,
        -1.75,
        0
      ],
      "scale": [
        0.8828125,
        0.8828125,
        0.8828125
      ]
    },
    "firstperson_lefthand": {
      "translation": [
        0,
        -0.75,
        0
      ],
      "scale": [
        0.83203125,
        0.83203125,
        0.83203125
      ]
    },
    "ground": {
      "translation": [
        0,
        5,
        0
      ],
      "scale": [
        0.748046875,
        0.748046875,
        0.748046875
      ]
    },
    "gui": {
      "rotation": [
        0,
        0,
        30.5
      ],
      "translation": [
        3,
        -4.25,
        0
      ],
      "scale": [
        0.630859375,
        0.630859375,
        0.630859375
      ]
    },
    "head": {
      "rotation": [
        -125.75,
        0,
        0
      ],
      "translation": [
        0,
        11.25,
        0
      ],
      "scale": [
        0.556640625,
        0.556640625,
        0.556640625
      ]
    },
    "fixed": {
      "rotation": [
        0,
        0,
        47.25
      ],
      "translation": [
        5.5,
        -4.75,
        0
      ],
      "scale": [
        0.79296875,
        0.79296875,
        0.79296875
      ]
    }
  },
  "textures": {
    "particle": "item/bana_spear"
  }
}