{
  "credit": "Made with Blockbench",
  "parent": "builtin/entity",
  "texture_size": [
    32,
    32
  ],
  "display": {
    "thirdperson_righthand": {
      "translation": [
        0,
        2,
        2
      ],
      "scale": [
        1.34,
        1.34,
        1.34
      ]
    },
    "thirdperson_lefthand": {
      "translation": [
        0,
        2.75,
        2
      ],
      "scale": [
        1.17,
        1.17,
        1.17
      ]
    },
    "firstperson_righthand": {
      "translation": [
        0,
        2.5,
        0
      ],
      "scale": [
        1.19,
        1.19,
        1.19
      ]
    },
    "firstperson_lefthand": {
      "scale": [
        1.26,
        1.26,
        1.26
      ]
    },
    "ground": {
      "translation": [
        0,
        4.25,
        0
      ]
    },
    "gui": {
      "rotation": [
        -95.02,
        53.4,
        94.05
      ],
      "translation": [
        1.5,
        -1.5,
        0
      ]
    },
    "head": {
      "rotation": [
        -77.96,
        -35.88,
        97.1
      ],
      "translation": [
        0,
        10.5,
        0.75
      ],
      "scale": [
        1.3357812500000001,
        1.3357812500000001,
        1.3357812500000001
      ]
    },
    "fixed": {
      "rotation": [
        -99.72,
        -49.85,
        -97.46
      ],
      "translation": [
        -2,
        -2,
        0
      ],
      "scale": [
        1.25390625,
        1.25390625,
        1.4375
      ]
    }
  }
}