{
  "credit": "Made with Blockbench",
  "parent": "builtin/entity",
  "texture_size": [
    64,
    64
  ],
  "display": {
    "thirdperson_righthand": {
      "rotation": [
        180,
        -113,
        -1
      ],
      "translation": [
        0.25,
        26,
        1.25
      ],
      "scale": [
        0.66,
        0.66,
        0.66
      ]
    },
    "thirdperson_lefthand": {
      "rotation": [
        0,
        -68,
        180
      ],
      "translation": [
        0,
        25.5,
        1.25
      ],
      "scale": [
        0.66,
        0.66,
        0.66
      ]
    },
    "firstperson_righthand": {
      "rotation": [
        0,
        15,
        180
      ],
      "translation": [
        0,
        26,
        0
      ],
      "scale": [
        0.66,
        0.804453125,
        0.49
      ]
    },
    "firstperson_lefthand": {
      "rotation": [
        -2,
        -52,
        180
      ],
      "translation": [
        0,
        38,
        0
      ],
      "scale": [
        0.9,
        0.99,
        0.96
      ]
    },
    "ground": {
      "translation": [
        0,
        -2.75,
        0
      ],
      "scale": [
        0.66,
        0.66,
        0.66
      ]
    },
    "gui": {
      "rotation": [
        0,
        0,
        135.25
      ],
      "translation": [
        8,
        7.75,
        0
      ],
      "scale": [
        0.478515625,
        0.478515625,
        0.478515625
      ]
    },
    "head": {
      "rotation": [
        151.5,
        -59.5,
        152
      ],
      "translation": [
        0,
        7,
        -4
      ],
      "scale": [
        0.533203125,
        0.533203125,
        0.533203125
      ]
    },
    "fixed": {
      "rotation": [
        177.01,
        3,
        -135.19
      ],
      "translation": [
        -10.5,
        -11.25,
        0
      ],
      "scale": [
        0.666015625,
        0.666015625,
        0.666015625
      ]
    }
  }
}