{
  "credit": "Made with Blockbench",
  "parent": "builtin/entity",
  "texture_size": [
    64,
    64
  ],
  "display": {
    "firstperson_righthand": {
      "translation": [
        0,
        5.25,
        0
      ],
      "scale": [
        1.3984375,
        1.3984375,
        1.3984375
      ]
    },
    "firstperson_lefthand": {
      "translation": [
        0,
        4.75,
        0
      ],
      "scale": [
        1.4140625,
        1.4140625,
        1.4140625
      ]
    },
    "ground": {
      "translation": [
        0,
        1.5,
        0
      ],
      "scale": [
        1.123046875,
        1.123046875,
        1.123046875
      ]
    },
    "gui": {
      "rotation": [
        -3.22,
        46.92,
        4.39
      ],
      "translation": [
        0,
        0.75,
        0
      ],
      "scale": [
        1.974609375,
        1.974609375,
        1.974609375
      ]
    },
    "head": {
      "rotation": [
        0,
        0,
        -44
      ],
      "translation": [
        5.5,
        5.75,
        -7.25
      ],
      "scale": [
        1.267578125,
        1.267578125,
        1.267578125
      ]
    },
    "fixed": {
      "rotation": [
        0,
        -81.5,
        0
      ],
      "translation": [
        0,
        1.5,
        0
      ],
      "scale": [
        1.947265625,
        1.947265625,
        1.947265625
      ]
    }
  },
  "textures": {
    "particle": "kamen_rider_weapon_craft:item/helheimvine"
  }
}