{
  "credit": "Made with Blockbench",
  "parent": "builtin/entity",
  "texture_size": [
    32,
    32
  ],
  "display": {
    "thirdperson_righthand": {
      "translation": [
        0.75,
        -2.75,
        -1
      ],
      "scale": [
        1.111328125,
        1.111328125,
        1.111328125
      ]
    },
    "thirdperson_lefthand": {
      "rotation": [
        -0.26,
        3.08,
        9.52
      ],
      "translation": [
        0,
        -3.25,
        -1.25
      ],
      "scale": [
        1.056640625,
        1.056640625,
        1.056640625
      ]
    },
    "firstperson_righthand": {
      "rotation": [
        7,
        83.75,
        0
      ],
      "scale": [
        1.193359375,
        1.2734375,
        1.16015625
      ]
    },
    "firstperson_lefthand": {
      "rotation": [
        26.6,
        29,
        -21.71
      ]
    },
    "ground": {
      "scale": [
        1.5,
        1.5,
        1.5
      ]
    },
    "gui": {
      "rotation": [
        -180,
        18,
        -180
      ],
      "translation": [
        0,
        -2.75,
        0
      ],
      "scale": [
        2.271484375,
        2.271484375,
        2.271484375
      ]
    },
    "head": {
      "translation": [
        0,
        7.75,
        -0.25
      ]
    },
    "fixed": {
      "translation": [
        0,
        -2,
        0
      ],
      "scale": [
        1.998046875,
        1.998046875,
        1.998046875
      ]
    }
  }
}