{
  "credit": "Made with Blockbench",
  "parent": "builtin/entity",
  "texture_size": [
    64,
    64
  ],
  "display": {
    "thirdperson_righthand": {
      "translation": [
        0,
        0,
        1.5
      ]
    },
    "thirdperson_lefthand": {
      "rotation": [
        -8.5,
        0,
        0
      ],
      "translation": [
        0,
        -0.25,
        1.25
      ]
    },
    "firstperson_righthand": {
      "rotation": [
        -19,
        0,
        0
      ]
    },
    "firstperson_lefthand": {
      "rotation": [
        -30,
        3,
        0
      ]
    },
    "ground": {
      "translation": [
        0,
        8,
        0
      ]
    },
    "gui": {
      "rotation": [
        -79.94000000000005,
        49.570000000000164,
        82.32000000000016
      ],
      "translation": [
        3.25,
        -3.75,
        0
      ],
      "scale": [
        0.78516,
        0.78516,
        0.78516
      ]
    },
    "head": {
      "rotation": [
        112.55999999999995,
        9.710000000000036,
        85.98000000000002
      ],
      "translation": [
        0,
        10.25,
        -0.5
      ]
    },
    "fixed": {
      "rotation": [
        -88.94999999999982,
        -43.9699999999998,
        -89.2800000000002
      ],
      "translation": [
        -5,
        -4.75,
        0
      ],
      "scale": [
        0.79883,
        0.79883,
        0.79883
      ]
    }
  },
  "textures": {
    "particle": "item/musou_saber"
  }
}