{
  "credit": "Made with Blockbench",
  "parent": "builtin/entity",
  "texture_size": [
    128,
    128
  ],
  "display": {
    "thirdperson_righthand": {
      "translation": [
        0,
        -3,
        0
      ],
      "scale": [
        0.337890625,
        0.337890625,
        0.337890625
      ]
    },
    "thirdperson_lefthand": {
      "translation": [
        0,
        -3.5,
        0
      ],
      "scale": [
        0.41015625,
        0.41015625,
        0.41015625
      ]
    },
    "firstperson_righthand": {
      "scale": [
        0.671875,
        0.623046875,
        0.4765625
      ]
    },
    "firstperson_lefthand": {
      "scale": [
        0.427734375,
        0.494140625,
        0.34765625
      ]
    },
    "ground": {
      "scale": [
        0.552734375,
        0.552734375,
        0.552734375
      ]
    },
    "gui": {
      "translation": [
        0,
        -10,
        0
      ],
      "scale": [
        0.732421875,
        0.732421875,
        0.732421875
      ]
    },
    "head": {
      "scale": [
        0.927734375,
        0.955078125,
        0.84765625
      ]
    },
    "fixed": {
      "translation": [
        0,
        -10,
        0
      ],
      "scale": [
        0.759765625,
        0.759765625,
        0.759765625
      ]
    }
  }
}