{
  "credit": "Made with Blockbench",
  "parent": "builtin/entity",
  "texture_size": [
    64,
    64
  ],
  "display": {
    "thirdperson_righthand": {
      "rotation": [
        3.980000000000018,
        -52.65000000000009,
        4.949999999999818
      ],
      "translation": [
        2,
        -12.5,
        0.75
      ]
    },
    "thirdperson_lefthand": {
      "rotation": [
        5.199999999999818,
        -7.4099999999998545,
        3.0799999999999272
      ],
      "translation": [
        0.75,
        -8.75,
        0
      ]
    },
    "firstperson_righthand": {
      "translation": [
        0,
        -9,
        0
      ],
      "scale": [
        0.8,
        0.8,
        0.8
      ]
    },
    "firstperson_lefthand": {
      "rotation": [
        0,
        0,
        -20.25
      ],
      "translation": [
        0,
        -0.25,
        0
      ],
      "scale": [
        0.72,
        0.72,
        0.72
      ]
    },
    "ground": {
      "scale": [
        0.84375,
        0.84375,
        0.84375
      ]
    },
    "gui": {
      "rotation": [
        -180,
        0,
        137.75
      ],
      "translation": [
        7.5,
        -9,
        0
      ],
      "scale": [
        0.68555,
        0.68555,
        0.68555
      ]
    },
    "head": {
      "translation": [
        0,
        -10.25,
        -7
      ],
      "scale": [
        1.15625,
        0.99219,
        1.15039
      ]
    },
    "fixed": {
      "translation": [
        0,
        -11.25,
        0
      ],
      "scale": [
        0.71289,
        0.71289,
        0.71289
      ]
    }
  }
}