{
  "credit": "Made with Blockbench",
  "parent": "builtin/entity",
  "texture_size": [
    64,
    64
  ],
  "display": {
    "thirdperson_righthand": {
      "rotation": [
        165.32,
        -81.69,
        174.49
      ],
      "translation": [
        -0.5,
        -9.75,
        0
      ],
      "scale": [
        1.13390625,
        1.28640625,
        1.07109375
      ]
    },
    "thirdperson_lefthand": {
      "rotation": [
        -140.02,
        85.64,
        143.63
      ],
      "translation": [
        1.25,
        -8.5,
        -1
      ],
      "scale": [
        1.078671875,
        1.21875,
        0.855078125
      ]
    },
    "firstperson_righthand": {
      "rotation": [
        13.89,
        -83.37,
        7.73
      ],
      "translation": [
        0,
        -7,
        0
      ]
    },
    "firstperson_lefthand": {
      "rotation": [
        177.93,
        57,
        169.1
      ],
      "translation": [
        4.25,
        -10,
        0
      ],
      "scale": [
        0.94,
        1.48,
        1.25
      ]
    },
    "ground": {
      "rotation": [
        -1.78,
        1.34,
        12.91
      ],
      "translation": [
        0,
        -0.5,
        0.25
      ],
      "scale": [
        1.41,
        1.34,
        1.32
      ]
    },
    "gui": {
      "rotation": [
        -180,
        0,
        -143.5
      ],
      "translation": [
        -5.25,
        -10,
        -0.5
      ],
      "scale": [
        1.127265625,
        1.127265625,
        1.127265625
      ]
    },
    "head": {
      "rotation": [
        30.76,
        -36.9,
        87.47
      ],
      "translation": [
        0,
        6.5,
        1
      ],
      "scale": [
        0.77421875,
        0.77421875,
        0.77421875
      ]
    },
    "fixed": {
      "rotation": [
        -2.23,
        3.91,
        44.41
      ],
      "translation": [
        9.75,
        -13,
        0
      ],
      "scale": [
        1.2056275,
        1.2056275,
        1.2056275
      ]
    }
  }
}