{
  "credit": "Made with Blockbench",
  "parent": "builtin/entity",
  "texture_size": [
    64,
    64
  ],
  "display": {
    "thirdperson_righthand": {
      "rotation": [
        23,
        63.75,
        63
      ],
      "translation": [
        -3.5,
        -2.25,
        -1
      ],
      "scale": [
        0.96,
        0.75,
        0.89
      ]
    },
    "thirdperson_lefthand": {
      "rotation": [
        134.74,
        -79.58,
        38.85
      ],
      "translation": [
        0,
        -2.5,
        0
      ],
      "scale": [
        0.96,
        0.75,
        0.89
      ]
    },
    "firstperson_righthand": {
      "rotation": [
        81,
        90,
        1
      ],
      "translation": [
        -2,
        3,
        0
      ],
      "scale": [
        1.16,
        0.74,
        0.98
      ]
    },
    "firstperson_lefthand": {
      "rotation": [
        72,
        -87,
        0
      ]
    },
    "ground": {
      "rotation": [
        15.46,
        5.95,
        41.98
      ],
      "scale": [
        0.96,
        0.75,
        0.89
      ]
    },
    "gui": {
      "rotation": [
        -43.33,
        83.12,
        133.55
      ],
      "translation": [
        -1.75,
        -3,
        0
      ],
      "scale": [
        1.31640625,
        1.134765625,
        1.16015625
      ]
    },
    "head": {
      "rotation": [
        -10.47,
        -48.15,
        76.07
      ],
      "translation": [
        -0.25,
        7.25,
        -7
      ]
    },
    "fixed": {
      "rotation": [
        0,
        -90,
        90
      ],
      "translation": [
        2.75,
        -3.5,
        0
      ],
      "scale": [
        1.6263281250000001,
        1.3646093750000001,
        1.4817968750000001
      ]
    }
  }
}